,colors,description,name,price
0,Fling; Delineated; Strut; Lingering; Brunette; Tapered; Accentuated; Spiked; Stud; Stylized,"Mechanical-Style, Self-Sharpening, Defining",Eye Brows,$16.50
1,Clear; Girl Boy; Beguile; Show-off,"Gel Formula, Adds Shine, Flake-Proof",Brow Set,$17.00
2,Deep Dark Brunette; True Brunette; Dirty Blonde; Ash Blonde; Redhead,"Gel-Like Formula, Waterproof, Long-Wearing",Fluidline Brow Gelcreme,$16.50
3,Toasted Blonde; Emphatically Blonde; Red Chestnut; Quiet Brunette; Bold Brunette; Brown Ebony,"Gel Formula, Waterproof, Long-Wearing",Pro Longwear Waterproof Brow Set,$17.00
4,Strawberry Blonde; Redhead; Brunette; Deep Brunette; Deep Dark Brunette,"Pencil-Style, Long-Wearing, Added Spoolie",Veluxe Brow Liner,$21.00
5,**No Colors Found**,"Mechanical-Style, Wax-Like, Non-Sticky",Brow Finisher,$17.00
6,**No Colors Found**,"Pen-Style, Liquid Formula, Long-Wearing",Penultimate Brow Marker,$21.00
7,All That Glitters; Amber Lights; Antiqued; Aquadisiac; Arena; Atlantic Blue; Bamboo; Beautiful Iris; Beauty Marked; Black Tied; Blackberry; Blanc Type; Bronze; Brown Down; Brown Script; Brule; Brun; Carbon; Charcoal Brown; Cheer Me On; Chrome Yellow; Club; Concrete; Contrast; Coppering; Copperplate; Coquette; Corduroy; Cork; Cranberry; Creme de Violet; Crystal Avalanche; Da Bling; Dazzlelight; Deep Truth; Electra; Electric Eel; Embark; Era; Espresso; Everyone's Darling; Expensive Pink; Fig. 1; Filament; Folie; Forgery; Free to Be; Freshwater; Gesso; Girlie; Gleam; Goldmine; Gorgeous Gold; Grain; Greensmoke; Handwritten; Haux; Honesty; Honey Lust; Humid; Idol Eyes; Jest; Kid; Knight Divine; Lucky Green; Malt; Moon's  Reflection; Motif; Mulch; Mylar; Mystery; Mythology; Naked Lunch; Nehru; Nocturnelle; Nylon; Omega; Orb; Paradisco; Parfait Amour; Passionate; Patina; Phloof!; Pink Freeze; Pink Venus; Plum Dressing; Plumage; Print; Quarry; Red Brick; Retrospeck; Ricepaper; Rule; Sable; Saddle; Satellite Dreams; Satin Taupe; Scene; Shadowy Lady; Shale; Shroom; Silver Ring; Sketch; Smut; Soba; Soft Brown; Star Violet; Stars N' Rockets; Steamy; Sumptuous Olive; Sushi Flower; Sweet Lust; Swimming; Swish; Swiss Chocolate; Tempting; Texture; Tilt; Trax; Twinks; Typographic; Vanilla; Vapour; Vex; Vibrant Grape; Wedge; Well Behaved; White Frost; Woodwinked; Yogurt,"Rich Colour, Professional, Iconic",Eye Shadow,$16.00
8,All That Glitters; Amber Lights; Antiqued; Aqua; Aquadisiac; Arena; Atlantic Blue; Bamboo; Beautiful Iris; Beauty Marked; Bitter; Black Tied; Blackberry; Blanc Type; Bottle Green; Bright Sunshine; Bronze; Brown Down; Brown Script; Brule; Brun; Carbon; Charcoal Brown; Chrome Yellow; Club; Cobalt; Concrete; Contrast; Coppering; Copperplate; Coquette; Coral; Corduroy; Cork; Cranberry; Crème de Violet; Crystal Avalanche; Da Bling; Dazzlelight; Deep Damson; Deep Truth; Digit; Electra; Electric Eel; Embark; Era; Espresso; Expensive Pink; Fig. 1; Filament; Folie; Forgery; Free to Be; Freshwater; Gesso; Girlie; Gleam; Goldenrod; Goldmine; Gorgeous Gold; Grain; Greensmoke; Ground Brown; Handwritten; Haux; Honesty; Honey Lust; Humid; Idol Eyes; Indian Ink; Jest; Kelly; Kid; Knight Divine; Lime; Lucky Green; Malt; Moon's Reflection; Motif; Mulch; Mylar; Mystery; Mythology; Naked Lunch; Naval; Nehru; Nocturnelle; Nylon; Omega; Orb; Paradisco; Parfait Amour; Passionate; Patina; Phloof!; Pink Freeze; Pink Venus; Plum Dressing; Plumage; Print; Quarry; Red Brick; Retrospeck; Ricepaper; Rule; Sable; Saddle; Satellite Dreams; Satin Taupe; Scene; Shadowy Lady; Shale; Shroom; Silver Ring; Sketch; Smut; Soba; Soft Brown; Soot; Sour Lemon; Star Violet; Stars 'N' Rockets; Steamy; Sumptuous Olive; Sushi Flower; Sweet Lust; Swimming; Swish; Swiss Chocolate; Tempting; Texture; Tilt; Trax; Twinks; Typographic; Vanilla; Vapour; Vex; Vibrant Grape; Wedge; White Frost; Woodwinked; Yogurt,"Rich Colour, Professional, Portable",Eye Shadow / Pro Palette Refill Pan,$10.00
9,Clearwater; Imaginary; Nice Composure; Stroke My Ego; Chrome Angel; Chilled on Ice; Let's Skate; Rubenesque; Bare Study; Perky; Soft Ochre; Let Me Pop; Layin’ Low; Painterly; Indianwood; Groundwork; Vintage Selection; Camel Coat; Constructivist; Antique Diamond; Stormy Pink; Tailor Grey; Frozen Violet; Dangerous Cuvée; Blackground; Quite Natural,"Long-Wearing, Blendable, Creamy",Pro Longwear Paint Pot,$22.00
10,Ascent of Glamour; Night Thrill; Moon is Blue; Tonight's the Night!; No Taboos,"High Shine, Creamy, Full Coverage",Colourdrenched Pigments / Magic of The Night,$22.00
11,Collective Chic; Claretluxe; Lapisluxe; Cool Companions; Gingerluxe; Fabulous Three,"High Shine, Powder Hybrid, Three Shades",Veluxe Pearlfusion Shadow Trio,$25.00
12,Neo-Orange; Primary Yellow; Pure White; Naked; Vanilla; White; Melon; Electric Coral; White Gold; Fuchsia; Naked Dark; Tan; Rose; Silver Fog; Copper Sparkle; Kitschmas; Naked Deep Dark; Golden Olive; Chartreuse; Gold; Violet; Platinum; Pink Pearl; Silver; Hi-Def Cyan; Rose Gold; Old Gold; Blonde's Gold; Ruby Red; Copper; Deep Brown; Teal; Rich Purple; Heritage Rouge; Museum Bronze; Landscape Green; Blue Brown; Marine Ultra; Steel Blue; Emerald Green; Black Black; Deep Purple; Deep Blue Green; Naval Blue; Dark Soul,"Buildable Coverage, Rich Colour, Long-Wearing",Pigment,$22.00
13,Naked; Vanilla; Melon; Rose; Kitschmas; Violet; Old Gold; Blue Brown,"Buildable Coverage, Rich Colour, Long-Wearing",Pigment / Sized to Go,$10.00
14,Black Sands; Infra-Violet; Electroplate; Emerald Power; Brilliantly Lit; Gravitational; Electric Illumination; In Orbit; Photosphere; Iced; Dynamo; Love Power; Superwatt; Coil; Switch to Blue; Highly Charged,"Long-Wearing, Colour-True, Spongy Texture",Electric Cool Eye Shadow,$22.00
15,Get Physical; Let's Boogie; Say It Isn't So,"Colour-True, High Intensity, 3D Glitter Effect",Dazzleshadow,$20.00
16,Rock Candy; Flicker; Blonde Streak; Light Touch; Moth; Day Gleam; Blue Willow; Amethyst; Deeply Dashing; Black Grape; Smoky; Jet Couture; Midnight,"High Shine, Creamy, Sheer Coverage",Pressed Pigment,$22.00
17,Silver Sun; Ready To Party; A Natural Flirt; Stylishly Merry; Smoky Mauve; Amorous Alloy; Sweet Heat; Rich Core; Sea Worship; Evening Grey; Fathoms Deep; Havana; Silver Dawn; Legendary Lure; Grand Galaxy; Stolen Moment; Lunar; Dark Dare,"Hybrid Formula, High Shine, 6-Hour Wear",Extra Dimension Eye Shadow,$20.00
18,Bare Canvas; Sublime Nature; Untitled; Stilife; Bamboom,"Cream To Powder, Blendable,  Non-Creasing",Paints,$22.00
19,Cinderfella; Smutty Green; Gilt By Association; Young Punk; Blue Flame,"Nourishing, Buildable, Lightweight",Mineralize Eye Shadow,$22.00
20,Joy & Laughter; Love Connection; Spiced Metal; Dual Rays; Ever Amethyst,"Coordinated, Buildable, Lightweight",Mineralize Eye Shadow (Duo),$22.00
21,**No Colors Found**,"Buildable Coverage, Tacky Texture, Glossy Finish",M·A·C Studio Eye Gloss,$22.00
22,Fog & Mist; Golden Hours; Pink Sensibilities; Great Beyond; In the Meadow,"Coordinated, Buildable, Lightweight",Mineralize Eye Shadow (Quad),$22.00
23,A Glimmer of Gold; Pure Bred; Posh Pedigree; A Party of Pastels; A Medley of Mauves; A Waft of Grey; A Harvest of Greens; A Sprinkle of Blues,"Coordinated, Buildable, Lightweight",Mineralize Eye Shadow x4,$46.00
24,Pearl; Luna; Nude; Hush; Shell; Bronze; Tint; Dusk; MidTone Sepia; Root,"Cream Formula, Buildable Coverage, Multi-Use",Cream Colour Base,$22.00
25,Green Clean; Permanent Press; Warm Wash,"High Shine, Powder Hybrid, Three Colours In One",Veluxe Pearlfusion Shadow Trio / Wash & Dry,$27.50
26,**No Colors Found**,"4 Neutral Colours, Coordinated, Buildable",Morning Light: Eye Shadow x 4,$70.00
27,**No Colors Found**,"4 Blue Colours, Coordinated, Buildable",Night Sky: Eye Shadow x 4,$70.00
28,**No Colors Found**,"Eye Palette, 6 Shades, Mauve",Enchanted Eve Eyes / Mauve,$39.50
29,**No Colors Found**,"Eye Palette, 6 Shades, Warm Nude",Enchanted Eve Eyes / Warm,$39.50
30,**No Colors Found**,"Eye Palette, 6 Shades, Navy",Enchanted Eve Eyes / Navy,$39.50
31,**No Colors Found**,"Coordinated Kit, For Eyes, Black",Enchanted Eve Eye Bag / Smoky,$42.50
32,**No Colors Found**,"Coordinated Kit, For Eyes, Plum",Enchanted Eve Eye Bag / Plum,$42.50
33,**No Colors Found**,"Coordinated Kit, For Eyes, Brown",Enchanted Eve Eye Bag / Neutral,$42.50
34,**No Colors Found**,"Coordinated Neutrals, Professional, Portable",M·A·CNIFICENT ME! Eye Shadow x 9,$40.00
35,**No Colors Found**,"All-In-One Kit, For Eyes, Black Shades",Look In A Box Eye Kit/Classic Black ,$36.50
36,**No Colors Found**,"6 Talked-About Shades, Cream Formula, Buildable Coverage",M·A·C Trend Forecast Spring 16/Eye,$40.00
37,**No Colors Found**,"Coordinated Purples, Professional, Portable",Eye Shadow x 9: Purple Times Nine,$40.00
38,**No Colors Found**,"Coordinated Navies, Professional, Portable",Eye Shadow x 9: Navy Times Nine,$40.00
39,**No Colors Found**,"Coordinated Ambers, Professional, Portable",Eye Shadow x 9: Amber Times Nine,$40.00
40,**No Colors Found**,"Coordinated Burgundies, Professional, Portable",Eye Shadow x 9: Burgundy Times Nine,$40.00
41,**No Colors Found**,"15 Warm-Toned Shades, Multiple Looks, Versatile",Eye Shadow x15: Warm Neutral,$85.00
42,**No Colors Found**,"15 Cool-Toned Shades, Multiple Looks, Versatile",Eye Shadow x15: Cool Neutral,$85.00
43,**No Colors Found**,"High Shine, Powder Hybrid, All-In-One",Veluxe Pearlfusion Shadow: Peachluxe,$40.00
44,**No Colors Found**,"High Shine, Powder Hybrid, All-In-One",Veluxe Pearlfusion Shadow: Pinkluxe,$40.00
45,**No Colors Found**,"High Shine, Powder Hybrid, All-In-One",Veluxe Pearlfusion Shadow: Brownluxe,$40.00
46,**No Colors Found**,"High Shine, Powder Hybrid, All-In-One",Veluxe Pearlfusion Shadow: Copperluxe,$40.00
47,**No Colors Found**,"High Shine, Powder Hybrid, All-In-One",Veluxe Pearlfusion Shadow: Plumluxe,$40.00
48,**No Colors Found**,"High Shine, Powder Hybrid, All-In-One",Veluxe Pearlfusion Shadow: Smokeluxe,$40.00
49,**No Colors Found**,"High Shine, Powder Hybrid, All-In-One",Veluxe Pearlfusion Shadow: Greenluxe,$40.00
50,**No Colors Found**,"High Shine, Powder Hybrid, All-In-One",Veluxe Pearlfusion Shadow: Amberluxe,$40.00
51,**No Colors Found**,"Nordstrom-Exclusive, Multiple Looks, Versatile",Eye Shadow X 15: Nordstrom's Finest,$85.00
52,Light Boost; Radiant Rose; Bright Forecast; Peach Lustre,"Illuminating, Sheer Coverage, Long-Wearing",Prep + Prime Highlighter,$26.00
53,**No Colors Found**,"Long-Wearing, Crease-Proof, Fade-Proof",Prep + Prime 24-Hour Extend Eye Base,$22.00
54,**No Colors Found**,"Priming, Conditioning, Boosts Mascara",Prep + Prime Lash,$17.00
55,**No Colors Found**,"Natural Length, Dense, Slightly Wispy",1 Lash,$17.00
56,**No Colors Found**,"Long Length, Wispy, Dramatic",2 Lash,$17.00
57,**No Colors Found**,"Adds Length, Full, Natural-Looking",3 Lash,$17.00
58,**No Colors Found**,"Natural Length, Wispy, Natural-Looking",4 Lash,$17.00
59,**No Colors Found**,"Dramatic Length, Lush, Spikey Looking",6 Lash,$17.00
60,**No Colors Found**,"Natural Length, Glamorous, Natural-Looking",7 Lash,$17.00
61,**No Colors Found**,"Dramatic Length, Dense, Spikey Looking",8 Lash,$17.00
62,**No Colors Found**,"Dramatic Length, Ultimate Fullness, Lush",12 Lash,$17.00
63,**No Colors Found**,"Half Lash, Dense, Winged-Looking",20 Lash,$17.00
64,**No Colors Found**,"Adds Length, Full, Builds Volume",21 Lash,$17.00
65,**No Colors Found**,"Individual Lashes, Three Lengths, Customizable",30 Lash,$17.00
66,**No Colors Found**,"Natural Length, Adds Fullness, Wispy",31 Lash,$17.00
67,**No Colors Found**,"Natural Length, Adds Fullness, Natural-Looking",32 Lash,$17.00
68,**No Colors Found**,"Natural Length, Mod-Looking, Flirtatious",33 Lash,$17.00
69,**No Colors Found**,"Dramatic Length, Wispy, Winged-Looking",34 Lash,$17.00
70,**No Colors Found**,"Dramatic Length, Full, Eye-Opening",35 Lash,$17.00
71,**No Colors Found**,"Natural Length, Full, Winged-Looking",36 Lash,$17.00
72,**No Colors Found**,"Natural Length, Wispy, Flirtatious",43 Lash,$17.00
73,**No Colors Found**,"Dramatic Length, Full, Winged-Looking",44 Lash,$17.00
74,**No Colors Found**,"Dramatic Length, Full, Wispy",48 Lash,$17.00
75,**No Colors Found**,"Latex Formula, Dries Clear, Long-Wearing",Duo Adhesive,$10.00
76,Coin Operated; Practice Makes Perfect; Sudsy; Colour Matters,"Mechanical-Style, 4 Shades, Safe For Waterline",Technakohl Liner / Wash & Dry,$17.50
77,**No Colors Found**,"Liquid Formula, Long-Wearing, Precise",Liquid Eye Liner / Brooke Candy,$21.00
78,Palm Tree; Darkness of Calm; Blue Fountain,"Gel Formula, Long-Wearing, Precise",Fluidline / M·A·C Guo Pei,$17.50
79,**No Colors Found**,"Click Pen, Gel Formula, Long-Wearing",Rebeleyes Gel Liner,$22.00
80,Black Swan; Petrol Blue,"Rich Colour, 2 Shades, Shimmery Finish",Pearlglide Intense Eye Liner / Magic of The Night,$17.50
81,Blitz & Glitz; Catch My Eye; Ivy; Great Dame; Silverstroke; Blue Peep; Brassy; Rich Ground; Dipdown; Deliciously Rich; Midnight Snack; Macroviolet; Our Secret; Lowlights; Copperthorn; Blacktrack; Waveline; Shade; Siahi,"Gel Formula, Long-Wearing, Precise",Fluidline,$16.50
82,Graphblack; Brownborder; Photogravure; Metalhead; Funfare; Bare Asset; Risqué; Snowed In; Broque; Superfly; Sterling Silver; Sourpuss; Twinked; Brass Band; Earthline; Purple Dash; Greyprint; $$$; Uniform; Alpha-Grey; Plank; Counterfeit; Image Conscious; Smoothblue; Bishop Blue; Jade Way; Vent; Cast Iron; Clay; Army Style; Steelpoint; Skyscape; Raisinette; Whirlpool; Cool Jazz; Take the Plunge; Auto-de-blu,"Rich Colour, Mechanical-Style, Safe For Waterline",Technakohl Liner,$16.50
83,Tarnish; I Get No Kick; Fascinating; Powersurge; Teddy; Prunella; Phone Number; Costa Riche; Minted; Blooz; Smolder,"Silky Formula, Rich Colour, Matte/Pearl Finish",Eye Kohl,$16.50
84,Grey Utility; Forever Green; Bountiful Brown; Bordeauxline; Duck; Prussian; Industry; Stubborn Brown; Buried Treasure; Engraved,"Waterproof, Long-Wearing, Multiple Finishes",Powerpoint Eye Pencil,$16.50
85,Strong Willed; Powerline; Mountain Air; Devotion; Rich Experience; Night Trail; Black Ice; Definedly Black,"Water-Resistant, 12-Hour Wear, Safe For Waterline",Pro Longwear Eye Liner,$20.00
86,**No Colors Found**,"Rich Colour, Long-Wearing, Precise",Liquidlast Liner,$21.00
87,Atomic Ore; Evil Twin; Earth Sign; Metropolis; Deep Blue Sea; Water Willow; Black Brilliance,"Gel-Like Formula, 12-Hour Wear, High Coverage",Fluidline Eye Pencil,$16.50
88,Coffee; Ebony,"Comfortable, Rich Colour, Precise",Eye Pencil,$16.50
89,**No Colors Found**,"Pen-Style Formula, 12-Hour Wear, Precise",Penultimate Eye Liner,$21.00
90,Industrial; Lord It Up; Designer Purple; Black Line; Undercurrent; Black Swan; Petrol Blue,"Rich Colour, 12-Hour Wear, Shimmery Finish",Pearlglide Intense Eye Liner,$16.50
91,**No Colors Found**,"Liquid Formula, Long-Wearing, Precise",Liquid Eye Liner,$21.00
92,**No Colors Found**,"Cream Formula, Opaque Coverage, Quick-Drying",Creme Liner,$16.50
93,Nocturnal; Pure Show; Defiantly Feline; On The Hunt,"Water-Resistant, 15-Hour Wear, Slick Finish",Superslick Liquid Eye Liner,$21.00
94,**No Colors Found**,"Intense Colour, Smoky Finish, Safe For Waterline",Kohl Power Eye Pencil,$16.50
95,Pure White; Hi-Def Cyan; Marine Ultra; Black Black,"Gel/Cream Formula, Rich Colour, Long-Wearing",Chromaline,$20.00
96,**No Colors Found**,"Creamy Formula, Rich Colour, Long-Wearing",M·A·C Studio Chromagraphic Pencil,$16.50
97,**No Colors Found**,"Gel Formula, Colourless, Dries Clear",Mixing Medium Eyeliner,$14.00
98,**No Colors Found**,"Dramatically Lifting, Lengthening, Volumizing",Upward Lash,$22.00
99,**No Colors Found**,"Double Effect, Defining, Volumizing, Super Black",Haute & Naughty Too Black Lash,$22.00
100,**No Colors Found**,"3D Volume, Dramatic, Super Black",In Extreme Dimension 3D Black Lash,$22.00
101,Haute & Naughty Brown; Haute & Naughty Black,"Double Effect, Defining, Volumizing",Haute & Naughty Lash,$22.00
102,**No Colors Found**,"Instant Volume, Dramatic, Waterproof",Zoom Waterfast Lash,$17.00
103,**No Colors Found**,"Dramatically Lengthening, Volumizing, Super Black",False Lashes Extreme Black,$22.00
104,**No Colors Found**,"Dramatically Lengthening, Volumizing, Curling",False Lashes,$22.00
105,**No Colors Found**,"Dramatically Lengthening, Volumizing, Waterproof",False Lashes Waterproof,$22.00
106,**No Colors Found**,"Defining, Waterproof, Super Black",Extended Play Gigablack Lash,$17.00
107,**No Colors Found**,"Sculpted, Defining, Super Black",Studio Sculpt Superblack Lash,$17.00
108,**No Colors Found**,"Long-Lasting Volume, Dramatic, Super Black",Opulash Optimum Black,$17.00
109,**No Colors Found**,"3D Volume, Curling, Dramatic",In Extreme Dimension Lash,$22.00
110,**No Colors Found**,"Instant Volume, Dramatic, Super Black",Zoom Fast Black Lash,$17.00
111,**No Colors Found**,"Instant Volume, Lengthening, Dramatic",Zoom Lash,$17.00
112,**No Colors Found**,"Defining, Waterproof, Washable",Extended Play Lash,$17.00
113,**No Colors Found**,"Double Effect, Defining, Waterproof",Haute & Naughty Waterproof Lash,$22.00
114,**No Colors Found**,"Sculpted, Defining, Lengthening",Studio Sculpt Lash,$17.00
115,**No Colors Found**,"Dramatically Lengthening, Volumizing, Curling",False Lashes / Sized to Go,$10.00
116,**No Colors Found**,"Dramatically Lengthening, Volumizing, Super Black",False Lashes Extreme Black / Sized to Go,$10.00
117,**No Colors Found**,"Nourishing, Volumizing, Curling",Mineralize Multi-Effect Lash,$22.00
118,**No Colors Found**,"Instant Volume, Lengthening, Dramatic",Zoom Lash / Sized to Go,$10.00
119,**No Colors Found**,"Instant Volume, Dramatic, Super Black",Zoomfast Black Lash / Sized to Go,$10.00
120,**No Colors Found**,"Emollient Formula, Colourless, Conditioning",Mixing Medium Lash,$14.00
121,Radiant Yellow; Radiant Pink,"Hydrating, Illuminating, Controls Oil",Prep + Prime Natural Radiance,$41.00
122,**No Colors Found**,"Refreshing, Finishes Makeup, Yuzu Scent",Prep + Prime Fix+ Yuzu,$22.00
123,**No Colors Found**,"Refreshing, Finishes Makeup, Lavender Scent",Prep + Prime Fix+ Lavender,$22.00
124,**No Colors Found**,"Refreshing, Finishes Makeup, Cucumber Scent",Prep + Prime Fix+ Cucumber,$22.00
125,**No Colors Found**,"Refreshing, Finishes Makeup, Rose Scent",Prep + Prime Fix+ Rose,$22.00
126,Medium Plus; Dark Deep; Medium; Dark; Light,"Serum, Tinted Moisturizer, Brightening",Lightful C 2-In-1 Tint And Serum With Radiance Booster,$60.00
127,Adjust; Recharge; Neutralize; Illuminate,"Colour Corrects, Sets Makeup, Reduces Shine",Prep + Prime CC Colour Correcting Loose,$26.00
128,**No Colors Found**,"Long-Wearing, Crease-Proof, Fade-Proof",Prep + Prime 24-Hour Extend Eye Base,$22.00
129,**No Colors Found**,"Antioxidant-Rich, Non-Oily, SPF 50",Prep + Prime Face Protect Lotion SPF 50  ,$31.00
130,**No Colors Found**,"Hydrating, Refreshing, Finishes Makeup",Prep + Prime Fix+ / Sized to Go,$10.00
131,**No Colors Found**,"Calming, Promotes Healing, Prevents Blemishes",Prep + Prime Blemish Control Gel ,$22.00
132,**No Colors Found**,"Hydrating, Improves Radiance, Clarifying",Prep + Prime Essential Oils,$22.00
133,Illuminate; Recharge; Adjust; Neutralize,"Colour Corrects, Sets Makeup, Portable",Prep + Prime CC Colour Correcting Compact,$26.00
134,Adjust; Illuminate; Recharge; Neutralize,"Colour Corrects, Controls Oil, SPF 30",Prep + Prime CC Colour Correcting SPF 30,$31.00
135,Light; Amber; Golden; Refined Golden; Extra Light; Light Plus; Medium Plus; Medium; Dark; Medium Dark; Dark Plus; Dark Deep,"Evens Skin Tone, Controls Oil, SPF 35",Prep + Prime BB Beauty Balm SPF 35,$31.00
136,Medium; Dark; Dark Deep; Medium Dark; Light Plus; Light; Extra Light; Medium Plus; Dark Plus; Amber; Refined Golden; Golden,"Evens Skin Tone, Hydrating, SPF 30",Prep + Prime BB Beauty Balm Compact SPF 30,$31.00
137,**No Colors Found**,"Hydrating, Refreshing, Finishes Makeup",Prep + Prime Fix+,$22.00
138,**No Colors Found**,"Priming, Conditioning, Boosts Mascara",Prep + Prime Lash,$17.00
139,Bright Forecast; Radiant Rose; Light Boost; Peach Lustre,"Illuminating, Sheer Coverage, Long-Wearing",Prep + Prime Highlighter,$26.00
140,**No Colors Found**,"Hydrating, Prevents Feathering, Retexturizing",Prep + Prime Lip,$16.50
141,**No Colors Found**,"Lightweight, Perfects Skin, Improves Radiance",Prep + Prime Skin,$31.00
142,**No Colors Found**,"Retexturizing, Mattifying, Refining",Prep + Prime Skin Smoother,$31.00
143,**No Colors Found**,"Minimizes Pores, Mattifying, Controls Oil",Prep + Prime Skin Refined Zone,$22.00
144,**No Colors Found**,"Hydrating, Lightweight, Improves Radiance",Prep + Prime Moisture Infusion,$41.00
145,**No Colors Found**,"Sets Makeup, Reduces Shine, For All Skin Tones",Prep + Prime Transparent Finishing Powder,$26.00
146,**No Colors Found**,"Sets Makeup, Reduces Shine, Portable",Prep + Prime Transparent Finishing Powder / Pressed,$26.00
147,Medium; Dark; Dark Deep; Medium Dark; Light Plus; Light; Extra Light; Medium Plus; Dark Plus; Amber; Refined Golden; Golden,"Evens Skin Tone, Hydrating, SPF 30",Prep + Prime BB Beauty Balm Compact SPF 30,$31.00
148,Adjust; Illuminate; Recharge; Neutralize,"Colour Corrects, Controls Oil, SPF 30",Prep + Prime CC Colour Correcting SPF 30,$31.00
149,Illuminate; Recharge; Adjust; Neutralize,"Colour Corrects, Sets Makeup, Portable",Prep + Prime CC Colour Correcting Compact,$26.00
150,Adjust; Recharge; Neutralize; Illuminate,"Colour Corrects, Sets Makeup, Reduces Shine",Prep + Prime CC Colour Correcting Loose,$26.00
151,Medium Plus; Dark; Dark Deep; Medium; Extra Light; Light Plus; Medium Dark; Dark Plus; Light; Amber; Golden; Refined Golden,"Evens Skin Tone, Controls Oil, SPF 35",Prep + Prime BB Beauty Balm SPF 35,$31.00
152,**No Colors Found**,"Hydrating, Clarifying, Luminizing",Strobe Cream,$33.00
153,**No Colors Found**,"Hydrating, Clarifying, Luminizing",Strobe Cream / Sized to Go,$10.00
154,**No Colors Found**,"Brightening, De-Puffing, Primes Eyes",Lightful C Vibrancy Eye Cream,$35.00
155,Extra Light; Light; Light Plus; Medium; Medium Plus; Medium Deep; Dark; Dark Plus; Dark Deep,"Colour-Correcting, Brightening, SPF 30",Lightful C Tinted Cream SPF 30 with Radiance Booster,$35.00
156,Light; Medium; Medium Plus; Dark; Dark Deep,"Serum, Tinted Moisturizer, Brightening",Lightful C 2-In-1 Tint And Serum With Radiance Booster,$60.00
157,**No Colors Found**,"Hydrating, Brightening, Softens Skin",Lightful C Marine-Bright Formula Softening Lotion,$35.00
158,**No Colors Found**,"Hydrating, Energizing, Softens Skin",Mineralize Charged Water: Revitalizing Energy,$24.00
159,**No Colors Found**,"Hydrating, Nourishing, Conditioning",Lip Conditioner (Tube),$16.00
160,**No Colors Found**,"Hydrating, Blurs Lines, Visibly Shrinks Pores",Mineralize Timecheck Lotion ,$44.00
161,**No Colors Found**,"Hydrating, Brightening, Plumping",Lightful C Marine-Bright Formula Essence,$44.00
162,**No Colors Found**,"Hydrating, Brightening, SPF 30",Lightful C Marine-Bright Formula SPF 30 Moisturizer,$44.00
163,**No Colors Found**,"Hydrating, Brightening, Prevents Dark Spots",Lightful C Marine-Bright Formula Moisture Cream,$44.00
164,**No Colors Found**,"Firming, De-Puffing, Reduces Fine Lines",Mineralize Charged Water Moisture Eye Cream,$35.00
165,**No Colors Found**,"Hydrating, Gentle, Sensitive Skin-Safe",Mineralize Charged Water Face and Body Lotion,$33.00
166,**No Colors Found**,"Hydrating, Soothing, Softens Skin",Mineralize Charged Water Moisture Gel,$40.00
167,**No Colors Found**,"Hydrating, Improves Radiance, Clarifying",Prep + Prime Essential Oils,$22.00
168,**No Colors Found**,"Firming, De-Puffing, Reduces Dark Circles",Fast Response Eye Cream,$31.00
169,**No Colors Found**,"Hydrating, Firming, Nourishing",Studio Moisture Cream,$33.00
170,**No Colors Found**,"Hydrating, Firming, Nourishing",Studio Moisture Cream / Sized to Go,$10.00
171,**No Colors Found**,"Hydrating, Oil-Free, SPF 15",Studio Moisture Fix SPF 15,$33.00
172,**No Colors Found**,"Hydrating, Oil-Free, Controls Oil",Oil Control Lotion,$33.00
173,**No Colors Found**,"Hydrating, Oil-Free, Controls Oil",Oil Control Lotion / Sized to Go,$10.00
174,**No Colors Found**,"Hydrating, Soothing, Reduces Redness",Complete Comfort Creme,$33.00
175,Radiant Yellow; Radiant Pink,"Hydrating, Illuminating, Controls Oil",Prep + Prime Natural Radiance,$41.00
176,**No Colors Found**,"Refreshing, Finishes Makeup, Yuzu Scent",Prep + Prime Fix+ Yuzu,$22.00
177,**No Colors Found**,"Refreshing, Finishes Makeup, Lavender Scent",Prep + Prime Fix+ Lavender,$22.00
178,**No Colors Found**,"Refreshing, Finishes Makeup, Cucumber Scent",Prep + Prime Fix+ Cucumber,$22.00
179,**No Colors Found**,"Refreshing, Finishes Makeup, Rose Scent",Prep + Prime Fix+ Rose,$22.00
180,Medium Plus; Dark Deep; Medium; Dark; Light,"Serum, Tinted Moisturizer, Brightening",Lightful C 2-In-1 Tint And Serum With Radiance Booster,$60.00
181,Adjust; Recharge; Neutralize; Illuminate,"Colour Corrects, Sets Makeup, Reduces Shine",Prep + Prime CC Colour Correcting Loose,$26.00
182,**No Colors Found**,"Long-Wearing, Crease-Proof, Fade-Proof",Prep + Prime 24-Hour Extend Eye Base,$22.00
183,**No Colors Found**,"Antioxidant-Rich, Non-Oily, SPF 50",Prep + Prime Face Protect Lotion SPF 50  ,$31.00
184,**No Colors Found**,"Hydrating, Refreshing, Finishes Makeup",Prep + Prime Fix+ / Sized to Go,$10.00
185,**No Colors Found**,"Calming, Promotes Healing, Prevents Blemishes",Prep + Prime Blemish Control Gel ,$22.00
186,**No Colors Found**,"Hydrating, Improves Radiance, Clarifying",Prep + Prime Essential Oils,$22.00
187,Illuminate; Recharge; Adjust; Neutralize,"Colour Corrects, Sets Makeup, Portable",Prep + Prime CC Colour Correcting Compact,$26.00
188,Adjust; Illuminate; Recharge; Neutralize,"Colour Corrects, Controls Oil, SPF 30",Prep + Prime CC Colour Correcting SPF 30,$31.00
189,Light; Amber; Golden; Refined Golden; Extra Light; Light Plus; Medium Plus; Medium; Dark; Medium Dark; Dark Plus; Dark Deep,"Evens Skin Tone, Controls Oil, SPF 35",Prep + Prime BB Beauty Balm SPF 35,$31.00
190,Medium; Dark; Dark Deep; Medium Dark; Light Plus; Light; Extra Light; Medium Plus; Dark Plus; Amber; Refined Golden; Golden,"Evens Skin Tone, Hydrating, SPF 30",Prep + Prime BB Beauty Balm Compact SPF 30,$31.00
191,**No Colors Found**,"Hydrating, Refreshing, Finishes Makeup",Prep + Prime Fix+,$22.00
192,**No Colors Found**,"Priming, Conditioning, Boosts Mascara",Prep + Prime Lash,$17.00
193,Bright Forecast; Radiant Rose; Light Boost; Peach Lustre,"Illuminating, Sheer Coverage, Long-Wearing",Prep + Prime Highlighter,$26.00
194,**No Colors Found**,"Hydrating, Prevents Feathering, Retexturizing",Prep + Prime Lip,$16.50
195,**No Colors Found**,"Lightweight, Perfects Skin, Improves Radiance",Prep + Prime Skin,$31.00
196,**No Colors Found**,"Retexturizing, Mattifying, Refining",Prep + Prime Skin Smoother,$31.00
197,**No Colors Found**,"Minimizes Pores, Mattifying, Controls Oil",Prep + Prime Skin Refined Zone,$22.00
198,**No Colors Found**,"Hydrating, Lightweight, Improves Radiance",Prep + Prime Moisture Infusion,$41.00
199,**No Colors Found**,"Sets Makeup, Reduces Shine, For All Skin Tones",Prep + Prime Transparent Finishing Powder,$26.00
200,**No Colors Found**,"Sets Makeup, Reduces Shine, Portable",Prep + Prime Transparent Finishing Powder / Pressed,$26.00
201,**No Colors Found**,"De-Shines, Controls Oil, Convenient",Blot Film,$16.00
202,**No Colors Found**,"Lightweight, Non-Rinsing, Non-Oily",Pro Eye Makeup Remover,$21.00
203,**No Colors Found**,"Foam Formula, Controls Oil, Refreshing",Green Gel Cleanser,$21.00
204,**No Colors Found**,"Botanical Formula, Skin-Balancing, Brightening",Lightful C Marine-Bright Formula Cleanser,$27.00
205,**No Colors Found**,"Lightweight, Non-Rinsing, Non-Oily",Pro Eye Makeup Remover / Sized to Go,$10.00
206,**No Colors Found**,"Convenient, Conditioning, Refreshing",Bulk Wipes,$29.00
207,**No Colors Found**,"Convenient, Conditioning, Refreshing",Wipes,$20.00
208,**No Colors Found**,"Convenient, Conditioning, Refreshing",Wipes / Sized to Go,$10.00
209,**No Colors Found**,"Natural Oils, Ultra-Gentle, Relaxing",Cleanse Off Oil / Tranquil,$31.00
210,**No Colors Found**,"Natural Oils, Ultra-Gentle, Relaxing",Cleanse Off Oil / Tranquil / Sized to Go,$10.00
211,**No Colors Found**,"Natural Oils, Industry-Strength, Gentle",Cleanse Off Oil,$31.00
212,**No Colors Found**,"Natural Oils, Industry-Strength, Gentle",Cleanse Off Oil / Sized to Go,$10.00
213,**No Colors Found**,"Foam Formula, Controls Oil, Refreshing",Green Gel Cleanser / Sized to Go,$10.00
214,**No Colors Found**,"Exfoliating, Controls Oil, Hydrating",Mineralize Volcanic Ash Exfoliator,$29.00
215,**No Colors Found**,"Dual-Phase Formula, Gentle, Soothing",Gently Off Eye and Lip Makeup Remover,$21.00
216,**No Colors Found**,"Hydrating, Refreshing, Finishes Makeup",Prep + Prime Fix+ / Sized to Go,$10.00
217,**No Colors Found**,"Natural Oils, Industry-Strength, Gentle",Cleanse Off Oil / Sized to Go,$10.00
218,**No Colors Found**,"Natural Oils, Ultra-Gentle, Relaxing",Cleanse Off Oil / Tranquil / Sized to Go,$10.00
219,**No Colors Found**,"Lightweight, Non-Rinsing, Non-Oily",Pro Eye Makeup Remover / Sized to Go,$10.00
220,**No Colors Found**,"Hydrating, Clarifying, Luminizing",Strobe Cream / Sized to Go,$10.00
221,**No Colors Found**,"Hydrating, Firming, Nourishing",Studio Moisture Cream / Sized to Go,$10.00
222,**No Colors Found**,"Hydrating, Oil-Free, Controls Oil",Oil Control Lotion / Sized to Go,$10.00
223,**No Colors Found**,"Foam Formula, Controls Oil, Refreshing",Green Gel Cleanser / Sized to Go,$10.00
224,**No Colors Found**,"Convenient, Conditioning, Refreshing",Wipes / Sized to Go,$10.00
225,**No Colors Found**,"For Lashes, Spoolie Shape, Grooms Lashes/Brows",204 Lash Brush,$15.00
226,**No Colors Found**,"For Powders/Creams, Paddle-Shaped, Shades Eyes",247 Flat Shader Brush,$25.00
227,**No Colors Found**,,288 SE Duo Fibre Eye Shader Brush,$32.00
228,**No Colors Found**,"For Powders, Fluffy Round Shape, Shades Eyes",213 Fluff Brush / M·A·C Guo Pei ,$32.00
229,**No Colors Found**,"For Mascara, Fan-Shaped, Coats/Separates Lashes",205 Mascara Fan Brush,$20.00
230,**No Colors Found**,"For All Formulas, Angled Tip, Shades Brows",208 Angled Brow Brush,$20.00
231,**No Colors Found**,"For Liquids/Creams, Fine-Tipped, Lines Eyes",209 Eye Liner Brush,$20.00
232,**No Colors Found**,"For Liquids/Creams, Extra Fine Tip, Lines Eyes",210 Precise Eye Liner Brush,$20.00
233,**No Colors Found**,"For All Formulas, Pointed Tip, Lines Eyes",211 Pointed Liner Brush,$20.00
234,**No Colors Found**,"For All Formulas, Flat-Shaped, Defines Eyes",212 Flat Definer Brush,$25.00
235,**No Colors Found**,"For Powders, Fluffy Round Shape, Shades Eyes",213 Fluff Brush,$25.00
236,**No Colors Found**,"For Powders, Short Rounded Shape, Smudges Shadow",214 Short Shader Brush,$25.00
237,**No Colors Found**,"For Powders, Paddle-Shaped, Shapes Eyes",215 Medium Shader Brush,$25.00
238,**No Colors Found**,"For Powders/Creams, Oval Shape, Blends Shadow",217 Blending Brush,$25.00
239,**No Colors Found**,"For Powders/Creams, Pencil-Shaped, Defines Eyes",219 Pencil Brush,$25.00
240,**No Colors Found**,"For Powders, Tapered Tip, Blends Shadow",221 Mini Tapered Blending Brush ,$25.00
241,**No Colors Found**,"For Powders, Dome-Shaped, Blends Shadow",224 Tapered Blending Brush,$32.00
242,**No Colors Found**,"For Powders, Paddle-Shaped, Blends Product",227 Large Fluff Brush,$32.00
243,**No Colors Found**,"For Powders, Round-Tipped, Defines Eyes",228 Mini Shader Brush,$20.00
244,**No Colors Found**,"For Powders/Creams, Paddle-Shaped, Shades Eyes",231 Small Shader Brush,$20.00
245,**No Colors Found**,"For Powders, Rounded Edge, Shades Eyes",239 Eye Shader Brush,$25.00
246,**No Colors Found**,"For Powders, Paddle-Shaped, Applies Shadow",233 Split Fibre Eye Shadow Brush,$25.00
247,**No Colors Found**,"For Powders/Emollients, Rounded Edge, Shades Eyes",242 Shader Brush,$25.00
248,**No Colors Found**,"For Powders/Emollients, Paddle-Shaped, Shades Eyes",252 Large Shader Brush,$32.00
249,**No Colors Found**,"For Powders, Oval-Shaped, Blends Shadow",234 Split Fibre Eye Blending Brush,$25.00
250,**No Colors Found**,"For All Formulas, Angled Tip, Shapes Eyes/Brows",263 Small Angle Brush,$20.00
251,**No Colors Found**,"For All Formulas, Angled Tip, Lines Eyes",266 Small Angle Brush,$20.00
252,**No Colors Found**,"For Powders, Angled Edge, Contours Eyes",275 Medium Angled Shading Brush,$25.00
253,**No Colors Found**,"For All Formulas, Dome-Shaped, Two Fibres",286 Duo Fibre Tapered Blending Brush,$32.00
254,**No Colors Found**,"For All Formulas, Paddle-Shaped, Two Fibres",287 Duo Fibre Eye Shadow Brush,$32.00
255,**No Colors Found**,"Cleansing, Disinfecting, Conditions Brushes",Brush Cleanser,$15.00
256,**No Colors Found**,"For All Formulas, Narrow Shape, Lines Eyes/Lips",Linear 1 Brush,$25.00
257,**No Colors Found**,"For Powders/Creams, Oval Shape, Shades Eyes",Oval 3 Brush,$32.00
258,**No Colors Found**,"For Powders, Rounded Dome Tip, Contours Face",109 Small Contour Brush,$35.00
259,**No Colors Found**,"For Powders/Creams, Paddle-Shaped, Shades Eyes",247 Flat Shader Brush,$25.00
260,**No Colors Found**,,288 SE Duo Fibre Eye Shader Brush,$32.00
261,**No Colors Found**,"For All Formulas, Rounded Tip, Two Fibres",139 SE Duo Fibre Tapered Face Brush,$42.00
262,**No Colors Found**,"For All Formulas, Slanted Tip, Two Fibres",161 SE Duo Fibre Face Glider Brush,$42.00
263,**No Colors Found**,"For Powders, Fluffy Round Shape, Shades Eyes",213 Fluff Brush / M·A·C Guo Pei ,$32.00
264,**No Colors Found**,"For Powders, Full Rounded Shape, Shades Cheeks",129 Powder/Blush Brush / M·A·C Guo Pei ,$46.00
265,**No Colors Found**,"For Foundation, Flat Slanted Tip, Short Bristles",196 Slanted Flat Top Foundation Brush,$35.00
266,**No Colors Found**,"For Powders, Double Chiseled Shape, Shades Face",135 Large Flat Powder Brush ,$42.00
267,**No Colors Found**,"For Powders, Short Dense Shape, Shades Cheeks",128 Split Fibre Cheek Brush,$35.00
268,**No Colors Found**,"For Powders, Paddle-Shaped, Applies Shadow",233 Split Fibre Eye Shadow Brush,$25.00
269,**No Colors Found**,"For Powders, Chiseled Sides, Shades Cheeks",116 Blush Brush,$35.00
270,**No Colors Found**,"For Powders, Paddle-Shaped, Shades Face",127 Split Fibre Face Brush,$35.00
271,**No Colors Found**,"For Powders, Full Rounded Shape, Shades Cheeks",129 Powder/Blush Brush,$35.00
272,**No Colors Found**,"Full Rounded Shape, Shades Cheeks, Short Handle",129SH Powder/Blush Brush,$35.00
273,**No Colors Found**,"For All Formulas, Flat-Topped, Two Fibres",130 Short Duo Fibre Brush,$42.00
274,**No Colors Found**,"For Foundation, Paddle-Shaped, Two Fibres",132 Duo Fibre Foundation Brush,$35.00
275,**No Colors Found**,"For Powders, Wide Fluffed Tip, Shades Face and Body",134 Large Powder Brush,$53.00
276,**No Colors Found**,"For Powders, Long Dome Tip, Shades Face",137 Long Blending Brush ,$42.00
277,**No Colors Found**,"For Powders, Pointed Tip, Sculpts Face",138 Tapered Face Brush,$53.00
278,**No Colors Found**,"For Powders, Rounded Shape, Dusts On Product",150 Large Powder Brush,$42.00
279,**No Colors Found**,"For Blush, Paddle-Shaped, Two Fibres",159 Duo Fibre Blush Brush,$35.00
280,**No Colors Found**,"For All Formulas, Flat Wide Top, Contours Face",163 Flat Contour Brush,$35.00
281,**No Colors Found**,"For Powders, Slanted Tip, Contours Cheeks",168 Large Angled Contour Brush,$35.00
282,**No Colors Found**,"For Powders, Dome-Shaped, Buffs Face",182 Buffer Brush,$53.00
283,**No Colors Found**,"For Creams/Liquids, Fan-Shaped, Two Fibres",184 Duo Fibre Fan Brush,$25.00
284,**No Colors Found**,"For All Formulas, Circular Shape, Two Fibres",187 Duo Fibre Face Brush,$42.00
285,**No Colors Found**,"Full Circular Shape, Two Fibres, Short Handle",187SH Duo Fibre Face Brush,$42.00
286,**No Colors Found**,"For All Formulas, Flat-Topped, Two Fibres",188 Small Duo Fibre Face Brush,$35.00
287,**No Colors Found**,"For Foundation, Paddle-Shaped, Shades Face",190 Foundation Brush,$35.00
288,**No Colors Found**,"For Foundation, Flat Square-Shaped, Shades Face",191 Square Foundation Brush,$35.00
289,**No Colors Found**,"For Foundation, Slanted Tip, Precisely Applies",193 Angled Foundation Brush,$35.00
290,**No Colors Found**,"For Concealer, Pointed Tip, Precisely Applies",195 Concealer Brush,$25.00
291,**No Colors Found**,"For Lashes, Spoolie Shape, Grooms Lashes/Brows",204 Lash Brush,$15.00
292,**No Colors Found**,"For Mascara, Fan-Shaped, Coats/Separates Lashes",205 Mascara Fan Brush,$20.00
293,**No Colors Found**,"For All Formulas, Angled Tip, Shades Brows",208 Angled Brow Brush,$20.00
294,**No Colors Found**,"For Liquids/Creams, Fine-Tipped, Lines Eyes",209 Eye Liner Brush,$20.00
295,**No Colors Found**,"For Liquids/Creams, Extra Fine Tip, Lines Eyes",210 Precise Eye Liner Brush,$20.00
296,**No Colors Found**,"For All Formulas, Pointed Tip, Lines Eyes",211 Pointed Liner Brush,$20.00
297,**No Colors Found**,"For All Formulas, Flat-Shaped, Defines Eyes",212 Flat Definer Brush,$25.00
298,**No Colors Found**,"For Powders, Fluffy Round Shape, Shades Eyes",213 Fluff Brush,$25.00
299,**No Colors Found**,"For Powders, Short Rounded Shape, Smudges Shadow",214 Short Shader Brush,$25.00
300,**No Colors Found**,"For Powders, Paddle-Shaped, Shapes Eyes",215 Medium Shader Brush,$25.00
301,**No Colors Found**,"For Powders/Creams, Oval Shape, Blends Shadow",217 Blending Brush,$25.00
302,**No Colors Found**,"For Powders/Creams, Pencil-Shaped, Defines Eyes",219 Pencil Brush,$25.00
303,**No Colors Found**,"For Powders, Tapered Tip, Blends Shadow",221 Mini Tapered Blending Brush ,$25.00
304,**No Colors Found**,"For Powders, Dome-Shaped, Blends Shadow",224 Tapered Blending Brush,$32.00
305,**No Colors Found**,"For Powders, Paddle-Shaped, Blends Product",227 Large Fluff Brush,$32.00
306,**No Colors Found**,"For Powders, Round-Tipped, Defines Eyes",228 Mini Shader Brush,$20.00
307,**No Colors Found**,"For Powders/Creams, Paddle-Shaped, Shades Eyes",231 Small Shader Brush,$20.00
308,**No Colors Found**,"For Powders, Oval-Shaped, Blends Shadow",234 Split Fibre Eye Blending Brush,$25.00
309,**No Colors Found**,"For Powders, Rounded Edge, Shades Eyes",239 Eye Shader Brush,$25.00
310,**No Colors Found**,"For Powders/Emollients, Rounded Edge, Shades Eyes",242 Shader Brush,$25.00
311,**No Colors Found**,"For Powders/Emollients, Paddle-Shaped, Shades Eyes",252 Large Shader Brush,$32.00
312,**No Colors Found**,"For All Formulas, Angled Tip, Shapes Eyes/Brows",263 Small Angle Brush,$20.00
313,**No Colors Found**,"For All Formulas, Angled Tip, Lines Eyes",266 Small Angle Brush,$20.00
314,**No Colors Found**,"For Powders, Angled Edge, Contours Eyes",275 Medium Angled Shading Brush,$25.00
315,**No Colors Found**,"For All Formulas, Dome-Shaped, Two Fibres",286 Duo Fibre Tapered Blending Brush,$32.00
316,**No Colors Found**,"For All Formulas, Paddle-Shaped, Two Fibres",287 Duo Fibre Eye Shadow Brush,$32.00
317,**No Colors Found**,"For Liquids/Creams, Tapered Tip, Sculpts Lips",316 Lip Brush,$20.00
318,**No Colors Found**,"For Liquids/Creams, Sculpts Lips, Retractable",318 Retractable Lip Brush,$25.00
319,**No Colors Found**,"For All Formulas, Narrow Shape, Lines Eyes/Lips",Linear 1 Brush,$25.00
320,**No Colors Found**,"For Powders/Creams, Oval Shape, Shades Eyes",Oval 3 Brush,$32.00
321,**No Colors Found**,"For All Formulas, Rounded Shape, Shades Face",Oval 6 Brush,$42.00
322,**No Colors Found**,"Cleansing, Disinfecting, Conditions Brushes",Brush Cleanser,$15.00
323,**No Colors Found**,"Brush Kit, 5 Brushes, Basic",Enchanted Eve Brush Kit / Basic,$52.50
324,**No Colors Found**,"Brush Kit, 5 Brushes, Essentials",Enchanted Eve Brush Kit / Essentials,$52.50
325,**No Colors Found**,"Brush Kit, 4 Brushes, Mineralize",Enchanted Eve Brush Kit / Mineralize,$52.50
326,**No Colors Found**,"All-In-One Kit, For Beginners, Brushes",Look In A Box Brush Kit/Basic,$52.50
327,**No Colors Found**,"All-In-One Kit, For Experts, Brushes",Look In A Box Brush Kit/Advanced,$52.50
328,**No Colors Found**,"For Powders, Rounded Dome Tip, Contours Face",109 Small Contour Brush,$35.00
329,**No Colors Found**,"For Powders, Double Chiseled Shape, Shades Face",135 Large Flat Powder Brush ,$42.00
330,**No Colors Found**,"For All Formulas, Rounded Tip, Two Fibres",139 SE Duo Fibre Tapered Face Brush,$42.00
331,**No Colors Found**,"For All Formulas, Slanted Tip, Two Fibres",161 SE Duo Fibre Face Glider Brush,$42.00
332,**No Colors Found**,"For Powders, Full Rounded Shape, Shades Cheeks",129 Powder/Blush Brush / M·A·C Guo Pei ,$46.00
333,**No Colors Found**,"For Foundation, Flat Slanted Tip, Short Bristles",196 Slanted Flat Top Foundation Brush,$35.00
334,**No Colors Found**,"For Powders, Chiseled Sides, Shades Cheeks",116 Blush Brush,$35.00
335,**No Colors Found**,"For Powders, Paddle-Shaped, Shades Face",127 Split Fibre Face Brush,$35.00
336,**No Colors Found**,"For Powders, Full Rounded Shape, Shades Cheeks",129 Powder/Blush Brush,$35.00
337,**No Colors Found**,"For Powders, Short Dense Shape, Shades Cheeks",128 Split Fibre Cheek Brush,$35.00
338,**No Colors Found**,"Full Rounded Shape, Shades Cheeks, Short Handle",129SH Powder/Blush Brush,$35.00
339,**No Colors Found**,"For All Formulas, Flat-Topped, Two Fibres",130 Short Duo Fibre Brush,$42.00
340,**No Colors Found**,"For Foundation, Paddle-Shaped, Two Fibres",132 Duo Fibre Foundation Brush,$35.00
341,**No Colors Found**,"For Powders, Wide Fluffed Tip, Shades Face and Body",134 Large Powder Brush,$53.00
342,**No Colors Found**,"For Powders, Long Dome Tip, Shades Face",137 Long Blending Brush ,$42.00
343,**No Colors Found**,"For Powders, Pointed Tip, Sculpts Face",138 Tapered Face Brush,$53.00
344,**No Colors Found**,"For Powders, Rounded Shape, Dusts On Product",150 Large Powder Brush,$42.00
345,**No Colors Found**,"For Blush, Paddle-Shaped, Two Fibres",159 Duo Fibre Blush Brush,$35.00
346,**No Colors Found**,"For All Formulas, Flat Wide Top, Contours Face",163 Flat Contour Brush,$35.00
347,**No Colors Found**,"For Powders, Slanted Tip, Contours Cheeks",168 Large Angled Contour Brush,$35.00
348,**No Colors Found**,"For Powders, Dome-Shaped, Buffs Face",182 Buffer Brush,$53.00
349,**No Colors Found**,"For Creams/Liquids, Fan-Shaped, Two Fibres",184 Duo Fibre Fan Brush,$25.00
350,**No Colors Found**,"For All Formulas, Circular Shape, Two Fibres",187 Duo Fibre Face Brush,$42.00
351,**No Colors Found**,"Full Circular Shape, Two Fibres, Short Handle",187SH Duo Fibre Face Brush,$42.00
352,**No Colors Found**,"For All Formulas, Flat-Topped, Two Fibres",188 Small Duo Fibre Face Brush,$35.00
353,**No Colors Found**,"For Foundation, Paddle-Shaped, Shades Face",190 Foundation Brush,$35.00
354,**No Colors Found**,"For Foundation, Flat Square-Shaped, Shades Face",191 Square Foundation Brush,$35.00
355,**No Colors Found**,"For Foundation, Slanted Tip, Precisely Applies",193 Angled Foundation Brush,$35.00
356,**No Colors Found**,"For Concealer, Pointed Tip, Precisely Applies",195 Concealer Brush,$25.00
357,**No Colors Found**,"Cleansing, Disinfecting, Conditions Brushes",Brush Cleanser,$15.00
358,**No Colors Found**,"For All Formulas, Rounded Shape, Shades Face",Oval 6 Brush,$42.00
359,**No Colors Found**,"For Liquids/Creams, Tapered Tip, Sculpts Lips",316 Lip Brush,$20.00
360,**No Colors Found**,"For Liquids/Creams, Sculpts Lips, Retractable",318 Retractable Lip Brush,$25.00
361,**No Colors Found**,"Cleansing, Disinfecting, Conditions Brushes",Brush Cleanser,$15.00
362,**No Colors Found**,"Classic, Sea-Inspired, Gel-Based Body Wash",Turquatic Body Wash,$35.00
363,**No Colors Found**,"Classic, Sea-Inspired, Hydrating Cream",Turquatic Hand and Body Cream,$35.00
364,**No Colors Found**,"Classic, Sea-Inspired, Crisp Scent",Turquatic 20ML,$30.00
365,**No Colors Found**,"Classic, Sea-Inspired, Larger Size",Turquatic 50ML,$49.50
366,**No Colors Found**,"Classic, Sea-Inspired, Portable Bottle",Turquatic Rollerball,$22.00
